c.c,0
12.cpp,0
5.cpp,0
7.cpp,0
A+B(High).cpp,0
ABC(ai).cpp,88
AxB(High).cpp,0
bmp.cpp,16
bupt.cpp,0
CaesarCode.cpp,0
Calculation.cpp,0
CircleClass.cpp,0
Code.cpp,0
CountWords.cpp,0
Dec to Bit.cpp,0
DitionaryRank.cpp,0
John&2Cow.cpp,0
MaxNum(PointerVerb).cpp,0
MineGameCounter.cpp,0
Ming's Random-Num.cpp,0
Phone.cpp,0
PingPongScore.cpp,0
Rank&Unique.cpp,0
RPS of LBB.cpp,0
ScarletMagic.cpp,0
stss.cpp,41
StudentClass.cpp,13
StudentRank.cpp,43
test.cpp,0
Titlecount.cpp,0
Treeroad.cpp,0
Turn Left.cpp,0
Untitled-1.cpp,0
